"","fileID","Dim1","Dim2","Dim3","Dim4","lang4"
"1","EN_NL_273",-0.294789289511986,0.386800360837365,-1.14324815498306,-0.179575816535018,"Eng_Dut"
"2","EN_NL_274",-1.11481213009253,0.548017158662495,-1.45542903145419,-0.293490918239374,"Eng_Dut"
"3","EN_NL_275",0.129164799412698,-0.00524451333818429,-0.506319385158531,-0.321189874454135,"Eng_Dut"
"4","EN_NL_276",0.000329191582506535,0.378453953217717,-0.185255009719786,-0.303848119841121,"Eng_Dut"
"5","EN_NL_277",-0.062971194145745,0.350620800528489,-0.442865451866026,-0.193787002180892,"Eng_Dut"
"6","EN_NL_278",-1.03263463099379,0.269283443066922,-1.1359285825264,0.0385610233792842,"Eng_Dut"
"7","EN_NL_279",-0.258753730289008,0.885667137011447,-0.684709391865352,-0.0818578499794213,"Eng_Dut"
"8","EN_NL_280",-0.605947340464468,0.251258378797255,-0.532947522384323,-0.0073271409307665,"Eng_Dut"
"9","EN_NL_281",-0.850816180021861,0.702503344873473,-1.14806680691617,-0.109835199299987,"Eng_Dut"
"10","EN_NL_282",0.0370256014422222,0.191859223978921,0.0131745561032349,0.170366926757806,"Eng_Dut"
"11","EN_NL_283",-1.10785944169783,0.50443667806193,-1.42762843544743,-0.297971031397838,"Eng_Dut"
"12","EN_NL_284",-1.38749814479775,0.955978036396405,-2.79978640297589,-0.000876287113417331,"Eng_Dut"
"13","EN_NL_285",-1.09262170357899,0.788581605807686,-0.87635572406685,0.29488113226948,"Eng_Dut"
"14","EN_NL_286",-1.75055347548042,1.12129280842865,-2.45368860490248,0.246875706043836,"Eng_Dut"
"15","EN_NL_287",-0.208161552049112,0.367573793902508,-1.050986599708,-0.275728311899126,"Eng_Dut"
"16","EN_NL_289",-0.524059583590585,0.243228318162971,-0.317070388317804,-0.167874595353439,"Eng_Dut"
"17","EN_NL_290",-0.677766894660308,-0.644155775187907,-1.22934613633333,-0.308260059350179,"Eng_Dut"
"18","EN_NL_291",-1.12434293209596,0.392687769906105,-0.867940220527574,0.267704641007697,"Eng_Dut"
"19","EN_NL_292",-1.59101908024817,0.852349380541159,-1.84549009883511,0.356242595557074,"Eng_Dut"
"20","EN_NL_293",0.21343508151562,0.468972104564819,-0.315620078115535,-0.58104536457578,"Eng_Dut"
"21","EN_NL_294",-1.02721157529177,0.606349281877954,-1.48926470713417,0.0651051882005107,"Eng_Dut"
"22","EN_NL_295",-0.886043721064428,0.107782307905309,-0.520347683953144,0.223476752929363,"Eng_Dut"
"23","EN_NL_296",-1.61345740503955,1.11064018134647,-3.34321344670659,0.0856613325387828,"Eng_Dut"
"24","EN_NL_297",0.590730762751533,0.59721021332984,-0.44607545662513,-0.365505733161549,"Eng_Dut"
"25","EN_NL_298",-0.358422401657211,0.0408822967989541,0.220146179973095,-0.0663977476314816,"Eng_Dut"
"26","EN_NL_299",-0.678773055687969,0.152563529684509,-0.802893310282475,0.246868318152046,"Eng_Dut"
"27","fn000115",0.429860227636543,0.0497256394677484,-0.225759191300368,0.0644339294239547,"NAT_Dut"
"28","fn000141",0.369275543517245,0.179985500468536,-0.0502389165778508,0.059774763245453,"NAT_Dut"
"29","fn000142",0.355307154050696,0.175664515620179,0.0942232135537326,-0.0802397142024927,"NAT_Dut"
"30","fn000143",0.320012431197415,0.255340131816075,0.020530874033196,0.0107560447263952,"NAT_Dut"
"31","fn000144",0.58170126046978,0.233314093352083,0.0455524284616672,-0.093589002061107,"NAT_Dut"
"32","fn000145",0.59187316553415,0.342552664672553,0.201047147167744,-0.261730650619317,"NAT_Dut"
"33","fn000146",0.297728281972347,0.140160542086837,-0.112416644414857,0.158894465957482,"NAT_Dut"
"34","fn000147",-0.0702485515598667,-0.122153044416486,-0.284558632551981,-0.104727279259889,"NAT_Dut"
"35","fn000148",0.604013765351627,0.131075766683017,0.210377622668362,-0.164602210256897,"NAT_Dut"
"36","fn000149",0.265786936680078,0.209690454234065,-0.305667201779208,-0.0464850089190265,"NAT_Dut"
"37","fn000150",0.447148926039815,0.115445860223384,0.135252059323453,0.176034025569048,"NAT_Dut"
"38","fn000151",0.278109391953826,0.203774215777706,-0.313968320265963,-0.120317496641946,"NAT_Dut"
"39","fn000152",0.303957667994223,-0.189015691837736,0.0900897022263133,-0.0798328711248417,"NAT_Dut"
"40","fn000153",0.191799379166731,0.0870465804976675,-0.0038203524038002,-0.0254159321035225,"NAT_Dut"
"41","fn000154",0.122904475446882,0.362786231658622,-0.262401787182389,0.113990131127988,"NAT_Dut"
"42","fn000155",0.320666805312462,-0.174848416594477,-0.0705894469900709,-0.0603601511341303,"NAT_Dut"
"43","fn000156",0.119681571211798,0.228504532909886,-0.113274278721475,0.103856633162117,"NAT_Dut"
"44","fn000157",0.0893332461137466,0.153339716193176,0.163313565406896,0.0369066412117897,"NAT_Dut"
"45","fn000158",0.503855797133302,0.23252989235422,0.0730274978475063,0.664441345473548,"NAT_Dut"
"46","fn000159",0.840610693160562,0.224983043964234,0.0373495162922257,1.29447697065098,"NAT_Dut"
"47","fn000160",0.305751784780424,0.269798877771876,-0.0898421694462049,-0.0780492319685037,"NAT_Dut"
"48","fn000161",0.509547437241742,0.275650847998434,0.140972687784908,0.115799383858033,"NAT_Dut"
"49","fn000162",0.185707475305081,0.210237240943325,-0.0167357690438553,-0.0972949207080344,"NAT_Dut"
"50","fn000163",0.61011173046787,0.211338137029415,0.183246742433016,0.159590165662649,"NAT_Dut"
"51","fn000164",0.503211182203376,0.136995802868462,0.150300222415145,-0.130418841906575,"NAT_Dut"
"52","fn000165",0.403803198420254,0.107873936614378,0.0465330544861365,0.110655371163957,"NAT_Dut"
"53","fn000166",0.57244564828417,0.285220966971725,0.189992843346166,0.0479486880761573,"NAT_Dut"
"54","fn000167",0.194253266144815,0.166834603910876,0.179950840151165,0.182009176622836,"NAT_Dut"
"55","fn000168",0.336416572762991,-0.030642815207602,-0.100801732868219,-0.0227133470686092,"NAT_Dut"
"56","fn000169",0.427860587021423,0.147844665395835,-0.104300062824901,0.105737015123877,"NAT_Dut"
"57","fn000170",0.527468330758373,0.163284294180502,0.0613768156711541,-0.0385083954122526,"NAT_Dut"
"58","fn000171",0.522059088036166,0.157496522870875,0.0786510474847947,-0.0136712436352072,"NAT_Dut"
"59","fn000172",0.469713263262761,0.149290560073923,0.124627869678921,-0.0365825291840592,"NAT_Dut"
"60","fn000173",0.519522756372534,0.297595254061538,0.215436557412183,0.164650121878503,"NAT_Dut"
"61","fn000174",0.758233833102684,0.25620707984103,0.0949416897586175,-0.32281142010515,"NAT_Dut"
"62","fn000175",0.158248643942202,-0.182087686277594,-0.157480544004682,0.11617240641653,"NAT_Dut"
"63","fn000176",0.020577147799101,0.229927735392561,0.107856593002755,0.0883623421491719,"NAT_Dut"
"64","fn000177",0.341322670806874,0.25155110388021,0.0957608094837231,0.0700436081843634,"NAT_Dut"
"65","fn000178",0.541035152641689,0.0892024660463166,0.117226811059121,0.0607602930078103,"NAT_Dut"
"66","fn000191",-0.112696228307902,-0.146359039804443,0.372038837342938,-0.00643088758741125,"NAT_Dut"
"67","fn000192",0.232247511013576,-0.190579049920321,0.0584581956434431,0.100413947602199,"NAT_Dut"
"68","fn000193",0.359275156855583,-0.15111713848841,-0.230994755135897,-0.159951639603999,"NAT_Dut"
"69","fn000194",0.0427283509576119,-0.815720191852371,0.0776615030933642,0.0587437871598425,"NAT_Dut"
"70","fn000195",0.0758477761866863,-0.27097803049945,-0.115908082827237,-0.0570938677745456,"NAT_Dut"
"71","fn000196",0.230192955354917,-0.405427164297963,0.0876742494704717,-0.0445123981371794,"NAT_Dut"
"72","fn000197",0.573832424554483,0.0746642017175231,0.0262806751101812,0.00406059795121293,"NAT_Dut"
"73","fn000198",0.391237833295684,0.00876533295659446,0.0615285754117066,0.0676169187136413,"NAT_Dut"
"74","fn000199",0.318299826560719,0.40806365958381,0.0618056425324499,-0.256796408306936,"NAT_Dut"
"75","fn000200",0.345772299276018,0.115627973079477,0.150388086746584,0.222881653059832,"NAT_Dut"
"76","fn000201",0.402619465347265,0.120192430269516,-0.116581374155846,0.0868119190806299,"NAT_Dut"
"77","fn000202",0.30892006433755,-0.0103015870833682,-0.15865479912699,-0.0615763938701129,"NAT_Dut"
"78","fn000203",0.490848378607965,0.195321907565333,-0.00397084455391813,-0.258325927680951,"NAT_Dut"
"79","fn000204",0.262351234380107,-0.133702811068677,-0.0837838671520505,0.111668845838156,"NAT_Dut"
"80","fn000208",0.147203834545175,-0.0569993709402693,-0.000461164815514507,-0.198180150595477,"NAT_Dut"
"81","fn000211",0.306630138203267,-0.144350272286124,0.04817973930416,-0.0756150521861123,"NAT_Dut"
"82","fn000212",0.224026243971543,-0.0972045459077291,0.157544058679117,0.0787541416643482,"NAT_Dut"
"83","fn000213",0.298805687742461,0.0598933829123761,0.293125445972129,-0.151360274638069,"NAT_Dut"
"84","fn000214",0.200340198538505,-0.293363770319398,-0.213548033670598,0.00355157833053669,"NAT_Dut"
"85","fn000215",0.322527061753666,0.0232353352294345,-0.126619950752863,-0.118939721886691,"NAT_Dut"
"86","fn000216",0.342391747705109,0.110169026813083,-0.0973163110331929,-0.0934330751643139,"NAT_Dut"
"87","fn000217",0.496783847505589,0.00320504817718976,-0.0230893992253801,-0.108201449051706,"NAT_Dut"
"88","fn000218",0.251730135321476,-0.056926600775266,0.152084026465284,0.0595741499019089,"NAT_Dut"
"89","fn000219",0.330085898714664,-0.0429418005333132,0.0775349842782956,-0.0897492132711591,"NAT_Dut"
"90","fn000220",0.41394990181024,-0.26070007869599,-0.0337556897357469,-0.0979192969471144,"NAT_Dut"
"91","fn000221",0.302428483089743,-0.389338660613327,-0.0945843924092872,-0.0158443385168263,"NAT_Dut"
"92","fn000222",0.0958795036068993,-0.112932288819639,0.0387719597336862,-0.135038683764507,"NAT_Dut"
"93","fn000226",0.583705463005298,-0.492004528587927,0.0755503773658598,-0.00336199009585487,"NAT_Dut"
"94","fn000227",0.557980636429327,0.0932363759944269,0.111725427654585,0.230672152062832,"NAT_Dut"
"95","fn000228",0.431541754032623,0.324120964261737,0.311377998296832,0.238248547134952,"NAT_Dut"
"96","fn000229",0.486240465615095,0.162106597830323,-0.0232550251354501,-0.267823304376715,"NAT_Dut"
"97","fn000230",0.451631992093612,-0.159081296032067,0.0710524255726877,0.0520630543283885,"NAT_Dut"
"98","fn000231",0.351904652467927,0.142601501095868,0.0999629418234232,0.074977809729133,"NAT_Dut"
"99","fn000232",0.650933270488196,0.452650578879281,0.0790837443419246,-0.175416613446014,"NAT_Dut"
"100","fn000233",0.483757603345855,0.413685082771662,-0.0879850390172857,0.126068395714255,"NAT_Dut"
"101","fn000234",0.419422485762475,0.401429681504816,0.0754031516735272,0.0696386590569962,"NAT_Dut"
"102","fn000235",0.261850820391158,-0.132866698784508,-0.156920515924706,0.273976182907026,"NAT_Dut"
"103","fn000236",0.000807190695598361,0.512487403283934,0.229036045122799,0.171583864116753,"NAT_Dut"
"104","fn000237",0.150044669711379,-0.185762482998683,0.297521154669332,-0.00149512723957571,"NAT_Dut"
"105","fn000238",0.580912339100711,0.133533995672366,0.0880222972952291,-0.373300668843841,"NAT_Dut"
"106","fn000241",0.165093685204677,0.0801237943982312,0.00665044738451345,0.01159487452245,"NAT_Dut"
"107","fn000242",0.159276439101802,0.131718823414072,-0.256840559147993,0.14019885936291,"NAT_Dut"
"108","fn000243",0.0386163460288167,-0.137231237146723,-0.190200986313548,-0.256872287975154,"NAT_Dut"
"109","fn000244",0.428240876663981,0.302249497439427,-0.0202825721827152,-0.102878768628787,"NAT_Dut"
"110","fn000245",0.327143148714302,0.239391675935531,0.0487417611750572,0.0452909364216045,"NAT_Dut"
"111","fn000246",0.381282998667339,0.361870853899707,-0.186122787496103,0.0265297178969415,"NAT_Dut"
"112","FR_NL_244",-0.136190433497169,0.0207553022216842,-0.101312364796467,-0.167074213792857,"Fra_Dut"
"113","FR_NL_245",-1.82675346250068,0.423925709033009,0.0788413003344705,0.707843768596689,"Fra_Dut"
"114","FR_NL_246",-0.552915299779511,-0.437577741296679,0.0527522043590668,0.234087005586283,"Fra_Dut"
"115","FR_NL_247",-1.54113136175214,0.524649560078579,-0.354793485394001,0.0438071996764357,"Fra_Dut"
"116","FR_NL_248",-0.254212227494167,-0.37354658194603,0.159723979964655,0.0816074613530067,"Fra_Dut"
"117","FR_NL_249",-0.00959874598915693,0.294170017073179,0.20455670870241,0.128294861095751,"Fra_Dut"
"118","FR_NL_250",-1.31659577176616,-0.391598974382629,0.173737844504516,-0.372912177039451,"Fra_Dut"
"119","FR_NL_251",-2.61992362908849,0.341732138787952,-3.23435103582223,-0.416222660160302,"Fra_Dut"
"120","FR_NL_252",-0.641464626232292,-0.120177175163201,-0.380273485267125,0.398831741473842,"Fra_Dut"
"121","FR_NL_253",-1.23084397422597,0.205473227724238,-1.01948364717584,0.2199758463254,"Fra_Dut"
"122","FR_NL_254",-0.9441078477165,0.397533914894505,0.226102371133733,-0.117282678686833,"Fra_Dut"
"123","FR_NL_255",-0.565133118500034,0.26508573839005,0.141480392646653,0.367209245179842,"Fra_Dut"
"124","FR_NL_256",-0.966154213431121,-0.141308151325619,0.281695865863125,0.00496969132152412,"Fra_Dut"
"125","FR_NL_257",0.223032473736341,-0.309282091987611,0.237251047178429,0.655824629702774,"Fra_Dut"
"126","FR_NL_258",-0.903409498817268,-0.0750467152519824,0.0622356923765145,-0.238071575001554,"Fra_Dut"
"127","FR_NL_259",-0.703607647980563,0.0609099112572439,0.293115282932289,-0.163970629379481,"Fra_Dut"
"128","FR_NL_260",0.316587583562073,-0.474712620580234,0.130764528251307,-0.0454600712931874,"Fra_Dut"
"129","FR_NL_261",-0.481502423589343,-0.301317374242422,0.578488401682339,0.292782349794833,"Fra_Dut"
"130","FR_NL_262",0.323412659686682,-0.969537070086957,-0.097261194662432,-0.11281163827236,"Fra_Dut"
"131","FR_NL_263",-0.618645789203269,0.265309744117128,-0.910597518923227,0.0495871355291479,"Fra_Dut"
"132","FR_NL_264",-0.0113668851886077,-0.284032459300007,0.0570642793052513,-0.0301685089086606,"Fra_Dut"
"133","FR_NL_265",-0.342767112251244,-0.216338751350214,-0.11270133985803,0.14513005039542,"Fra_Dut"
"134","FR_NL_266",-1.18784863428525,0.224495225217887,0.0301273489489838,0.146010523384098,"Fra_Dut"
"135","FR_NL_267",-0.675480020105671,0.0352918884493805,0.1115694107957,0.116618511022341,"Fra_Dut"
"136","FR_NL_268",-0.716774968693236,0.292425967104567,-0.75126319911582,0.0237972124510014,"Fra_Dut"
"137","FR_NL_269",-0.732081989754261,-0.261485941202136,0.668444048437796,-0.466937133810239,"Fra_Dut"
"138","FR_NL_270",-0.642872809867796,0.0959389872120838,0.254799050159234,-2.27203296996104,"Fra_Dut"
"139","FR_NL_271",-2.03732901821412,0.363304150831761,0.615154545333747,0.482955966116476,"Fra_Dut"
"140","FR_NL_272",-0.978288178019636,0.301224643938425,-1.2932580153208,0.0317358676741675,"Fra_Dut"
"141","fv600002",0.00391719589181771,0.305365656440948,0.0671171348850067,0.0712654548088917,"NAT_Dut"
"142","fv600003",0.341140926635709,-0.0198991522642296,0.0975777157634737,-0.0125321598760479,"NAT_Dut"
"143","fv600004",0.804659318813907,0.471553528910058,0.323813346761635,0.17202114988769,"NAT_Dut"
"144","fv600005",0.916261664932979,0.413862700103212,0.252273810300892,-0.0576841616021226,"NAT_Dut"
"145","fv600006",-0.181582748307623,-0.321695342455849,0.228863862465157,-0.0832512600048582,"NAT_Dut"
"146","fv600007",0.0871593606988731,0.296517848245132,0.130228502344994,0.0901966602676239,"NAT_Dut"
"147","fv600008",0.438306292706984,-0.0825632508678208,0.164340408686495,0.204782328735801,"NAT_Dut"
"148","fv600009",0.382530420226034,-0.470968569374725,0.0787856300395989,0.0784869312559082,"NAT_Dut"
"149","fv600010",0.401577043062303,0.100313366537009,-0.158086803343497,0.166863231111448,"NAT_Dut"
"150","fv600011",0.133644065028392,0.131901837788532,0.379683570796683,-0.323337923448791,"NAT_Dut"
"151","fv600012",0.466731373048691,-0.0377492916198459,0.195366495285191,-0.119076566059141,"NAT_Dut"
"152","fv600013",0.273687857528315,-0.272292666347635,0.326045935438419,0.108358402414753,"NAT_Dut"
"153","fv600014",0.156946637548644,0.0180002116077052,0.0385117247952917,0.0237565342176913,"NAT_Dut"
"154","fv600015",-0.127862734160391,0.030650302389336,0.126311579858739,0.223600647414819,"NAT_Dut"
"155","fv600016",0.374586236451152,-0.183399879757502,-0.440815277720673,-0.277619528080222,"NAT_Dut"
"156","fv600017",0.335863538501408,0.0717002666174634,0.078256979093705,-0.144579849310666,"NAT_Dut"
"157","fv600018",-0.0817150428116239,0.256187701438065,-0.0477514132755891,-0.330303255095821,"NAT_Dut"
"158","fv600019",-0.0329971581147268,0.216020052355373,0.240739103690352,0.213902114164692,"NAT_Dut"
"159","fv600020",-0.00588032723477755,-0.178279473326083,-0.12083268619683,0.210618350279141,"NAT_Dut"
"160","fv600021",0.75870893589792,0.365981512957488,0.294702238002931,0.0107952381734726,"NAT_Dut"
"161","fv600331",-0.119619370154621,0.264179610400417,0.24135319989308,0.401003795630802,"NAT_Dut"
"162","fv600332",-0.0091579753567288,-0.385116972495214,0.0220217706714324,0.925016852714303,"NAT_Dut"
"163","fv600333",0.504159568062125,-0.474300447555738,-0.101180675388795,-0.0143126584342921,"NAT_Dut"
"164","fv600334",0.0230488370037455,-0.1615450203,0.425336435675228,-0.327372358405633,"NAT_Dut"
"165","fv600336",0.798623191411598,0.409457269127036,0.436715067483228,-1.04924312519378,"NAT_Dut"
"166","fv600337",0.704912452998896,0.0507667384458121,0.108624671078278,0.331013053296437,"NAT_Dut"
"167","fv600338",0.109281041811469,0.387500686292196,0.108637438157351,-0.302115746462419,"NAT_Dut"
"168","fv600573",0.537730495403516,0.282146042833715,0.0720554057167555,0.25303642972059,"NAT_Dut"
"169","fv600574",0.696791178030376,0.134502368664341,0.138233954694424,-0.190035969325562,"NAT_Dut"
"170","fv600575",0.449445671919042,-0.222868463322811,0.024009270728773,0.0823691170870378,"NAT_Dut"
"171","fv600576",0.453299721827717,0.144689960940051,0.16403558713039,0.422092808471967,"NAT_Dut"
"172","fv600577",0.542552978827667,0.456530857227095,0.303672249224156,-0.288200160385695,"NAT_Dut"
"173","fv600578",-0.115041553089128,-0.0990008895865621,0.282877664235373,-0.0376527755582541,"NAT_Dut"
"174","fv600579",0.0168943785572919,0.371982212784587,0.472733265439047,0.0327028837705585,"NAT_Dut"
"175","fv600580",0.479785235180963,0.280645780075672,0.0844360062954386,-0.0686182086418545,"NAT_Dut"
"176","fv600581",0.107509229595303,0.154445775597664,0.11970849064006,0.112151130266772,"NAT_Dut"
"177","fv600582",0.0852143851580752,0.165334137364601,-0.440551404833419,-0.313605703886083,"NAT_Dut"
"178","fv600583",-0.506310822965851,-0.343814572744398,-0.299019427301336,-0.0463159680478298,"NAT_Dut"
"179","fv600588",-0.0881221383753622,-0.505907628346954,0.122670408557923,-0.147981829432095,"NAT_Dut"
"180","fv600589",0.224514241251723,0.217640518319746,-0.0480371051687519,0.137236045075394,"NAT_Dut"
"181","fv600590",0.359603952463276,-0.150684091805857,0.103949302308071,-0.235269315284726,"NAT_Dut"
"182","fv600591",0.47649509486368,0.0563853348422351,0.245816004893795,-0.137205858046324,"NAT_Dut"
"183","fv600592",0.430751821527158,-0.146302919231071,0.112432527797275,-0.214954629353974,"NAT_Dut"
"184","fv600593",0.23970459966567,0.146756664103626,-0.0611559183110498,-0.0900631099587435,"NAT_Dut"
"185","fv600595",0.427289369511906,-0.316918803025411,-0.083025996641541,0.0599240714111493,"NAT_Dut"
"186","fv600596",0.517657330878864,0.113072123647525,0.0523560360954325,-0.116112096847974,"NAT_Dut"
"187","fv600597",0.224019722778703,0.210484579306461,-0.170339976648284,-0.0362867648602325,"NAT_Dut"
"188","fv600598",0.214776793658855,0.199075895267475,-0.00988985114621611,0.0228278122241032,"NAT_Dut"
"189","fv600623",0.278229369926044,-0.314781706123046,-0.165082586393718,-0.520557961061203,"NAT_Dut"
"190","fv600624",-0.372151670962652,0.278073886057267,-0.0695174952522313,-0.0557748055100841,"NAT_Dut"
"191","fv600625",0.0256963536837243,0.178688717336495,0.127978206536366,-0.0786221608543751,"NAT_Dut"
"192","fv600626",0.325530378117838,0.215505777893631,0.248410279531969,0.835371455972736,"NAT_Dut"
"193","fv600627",0.197758890637181,-0.353469421636613,-0.317518950947304,-0.236422365971175,"NAT_Dut"
"194","fv600628",0.471526673379532,0.293906981113901,0.232021047301009,0.448102681896023,"NAT_Dut"
"195","fv600629",0.64798278783523,0.0721832862609678,-0.343398366079335,0.731039399612821,"NAT_Dut"
"196","fv600630",0.348188943722261,-0.14704527272264,-0.161355802528016,-0.170349309081757,"NAT_Dut"
"197","fv600631",0.61390897452777,-0.0568664187384058,0.0297446141944307,-0.620381477249627,"NAT_Dut"
"198","fv600632",0.0608174346444397,0.185950661444421,0.338370358950967,-0.13989081953827,"NAT_Dut"
"199","fv600633",0.083967061909694,-0.0620489562298185,0.131263635681655,0.0107220436946743,"NAT_Dut"
"200","fv600634",0.303797898861332,0.105611027065681,-0.241162050940745,0.419424847411618,"NAT_Dut"
"201","fv600636",0.425062790443888,-0.373705809123881,-0.0276482242188698,0.0603493043374138,"NAT_Dut"
"202","fv600637",-0.368753004401902,0.0441236005805201,0.027956015852703,0.134324804971961,"NAT_Dut"
"203","fv600638",0.493379870609982,0.0257707266325203,0.129252259166135,0.447292316402614,"NAT_Dut"
"204","fv600639",0.423737689424592,0.0895525007808714,0.114225414807842,0.153349265344136,"NAT_Dut"
"205","fv600640",0.512967751143438,0.30766740688238,-0.269434765477252,-0.208742381766119,"NAT_Dut"
"206","fv600641",0.680438970184705,-0.462906125874722,0.00482195011209906,1.61723500813,"NAT_Dut"
"207","fv600642",0.241472336118924,-0.304805375207342,-0.105373362160953,-0.130655665323978,"NAT_Dut"
"208","fv600643",0.522018532680803,0.184247291303706,0.109520489853555,0.151507740273577,"NAT_Dut"
"209","fv600644",0.37988613841236,-0.22875987141239,0.0401647438068815,-0.103791230866419,"NAT_Dut"
"210","fv600645",0.803174910075947,-0.0437416726444181,0.00740312150518159,-0.552520808877854,"NAT_Dut"
"211","fv600646",0.627633011637448,0.498075419392795,-0.196844294400048,-0.120691350872278,"NAT_Dut"
"212","fv600647",0.74969380637701,0.111991066892929,0.349258530678302,0.0157070323072773,"NAT_Dut"
"213","fv600648",0.377000273184171,-0.0723914371897264,0.231551986356332,0.00328077602190043,"NAT_Dut"
"214","fv600649",0.440438172482569,-0.321873536545273,-0.0589554442799879,0.0270399756030659,"NAT_Dut"
"215","fv600650",0.0376576599395963,-0.076638029695581,0.11827382676272,-0.150152232134165,"NAT_Dut"
"216","fv600651",0.305536511994998,0.178969277435117,-0.0175822764303508,-0.526177914665703,"NAT_Dut"
"217","fv600652",0.496627519080125,0.378738001363463,-0.169213902295056,0.422441562816703,"NAT_Dut"
"218","fv600653",0.0342752721832119,0.18987656441068,0.0896996673150987,0.00927553892644462,"NAT_Dut"
"219","fv600654",0.0913104812583551,0.197183796960956,0.344972850327784,-0.450001181177215,"NAT_Dut"
"220","fv600655",0.524343526090466,-0.461411064109291,-0.106654191783993,0.64477636068363,"NAT_Dut"
"221","fv600656",0.18915473710538,0.177132621978265,-0.00421779131139497,0.149553424158117,"NAT_Dut"
"222","fv600657",-0.153990189899022,0.651304293476017,-0.741328165360821,0.0690627379611464,"NAT_Dut"
"223","fv600658",0.504466008477931,0.0317192810689026,-0.11560132746297,-0.234357303648087,"NAT_Dut"
"224","fv600659",0.245656963413064,-0.0953634982947095,-0.450840925442151,-0.128066843067695,"NAT_Dut"
"225","fv600660",0.39589798087257,0.0154001795234567,-0.0886925826750119,-0.186352056005745,"NAT_Dut"
"226","fv600667",-0.00610238571126666,0.407074884010346,0.358655446708163,-0.0101856867468004,"NAT_Dut"
"227","fv600668",0.281092269333843,0.143142219685966,-0.568922962584256,0.0644892774287914,"NAT_Dut"
"228","fv600669",0.602857095870495,-0.0245746053079131,0.218531752043645,0.292298522234092,"NAT_Dut"
"229","fv600670",0.751330484015554,0.137209285376021,0.0215396645872575,0.299612087493563,"NAT_Dut"
"230","fv600671",0.0280383047426531,0.20364935620498,-0.0752466627927406,-0.214612841261285,"NAT_Dut"
"231","fv600672",0.0866336742183099,0.177721617156922,0.130647779144739,0.0158025788790742,"NAT_Dut"
"232","fv600673",0.229537772270941,0.212461420984577,0.260001480375327,0.452772595801754,"NAT_Dut"
"233","fv600674",0.4943196229252,-0.492523319220501,0.0883592391462949,0.381626277764614,"NAT_Dut"
"234","fv600675",-0.0390888979241852,0.258765813823688,-0.946615570947802,-0.101876895009471,"NAT_Dut"
"235","fv600676",0.197998182236528,0.227584826610699,-0.228354859926575,0.190652981297571,"NAT_Dut"
"236","fv600677",0.145181155944709,0.370977015577575,0.201939471733545,-0.0519699535686619,"NAT_Dut"
"237","fv600678",0.312445368770273,0.215126416763571,-0.0974461361865061,0.0380079496469227,"NAT_Dut"
"238","fv600679",0.265129536153838,-0.110277737106475,0.0435298535587341,-0.328038802541872,"NAT_Dut"
"239","fv600680",-0.0654015315240241,-0.288305218097216,0.0958517761757701,-0.166922901399437,"NAT_Dut"
"240","fv600681",0.167700852130456,0.299962128455985,0.0596139563343841,-0.072647023573446,"NAT_Dut"
"241","fv600682",0.118841071796176,0.323101332340048,0.410577443592828,0.05403951513515,"NAT_Dut"
"242","fv600683",-0.178359745896814,-1.45420607810921,-0.0105454289687557,-0.234320701279964,"NAT_Dut"
"243","fv600684",-0.392460694350921,-0.555026868761212,0.433410233914237,0.137072012566739,"NAT_Dut"
"244","fv600685",0.395603395612982,-0.352654845767005,0.321440941876221,0.297183001357254,"NAT_Dut"
"245","fv600686",0.10224442791906,0.49951037547188,-0.166030909463022,-0.524113997988889,"NAT_Dut"
"246","fv600687",0.229844089605891,-0.132903978467698,0.326855051983944,0.482637610275216,"NAT_Dut"
"247","fv600688",-0.0171662740856719,0.333457161670942,0.243805295627501,0.0751475161810008,"NAT_Dut"
"248","fv600689",0.349091979394393,-0.206504323089386,0.0678172573786259,0.196063282345149,"NAT_Dut"
"249","fv600690",0.355033138377462,0.0587752418700198,0.174127995022477,0.220489207466329,"NAT_Dut"
"250","fv600691",0.151996865123051,0.151800947067067,0.0197157540339607,-0.0696693754745084,"NAT_Dut"
"251","fv600692",0.2269231141151,-0.473303979912785,0.194472460809519,-0.123771569202148,"NAT_Dut"
"252","fv600693",-0.149331804091422,0.0249337556937035,0.272403360966814,0.134580881325261,"NAT_Dut"
"253","fv600694",-0.171101230547465,-0.263112451699319,0.14853200964876,-0.261749869141919,"NAT_Dut"
"254","fv600695",0.697608897749067,-0.772789254647553,-0.316290945846867,-0.462249606697318,"NAT_Dut"
"255","fv600696",-0.0724389763983961,0.24988758280169,-0.013628508770114,-0.0399207696409465,"NAT_Dut"
"256","fv600697",0.141579695714457,-0.0191712861573313,-0.0588772781317574,0.350734685547801,"NAT_Dut"
"257","fv600698",-0.0255769162831461,0.0674509165845504,-0.203706415567822,-0.245194622819432,"NAT_Dut"
"258","fv600699",-0.387449017697172,0.184331231591495,-0.579045123259984,-0.205416565910002,"NAT_Dut"
"259","fv600700",-0.370011808875915,-0.00377582368606876,0.124987626944191,-0.177947835155213,"NAT_Dut"
"260","fv600701",0.452575356535462,-0.174644948902438,0.231309956804502,0.256596573913246,"NAT_Dut"
"261","fv600702",0.227830705884709,-0.192536945814697,0.0875030958052496,0.103132993066775,"NAT_Dut"
"262","fv600703",0.230316059294308,-0.0583268310801495,0.383721126902843,0.362064199686541,"NAT_Dut"
"263","fv600704",0.81585433394703,0.34421896424392,0.128171416886867,1.18564571776789,"NAT_Dut"
"264","fv600705",-0.293128252952027,-0.225356528774697,0.258049432562213,0.267646016863005,"NAT_Dut"
"265","fv600706",0.339788992115465,-0.171518099291234,0.0951805189652942,-0.125797198137411,"NAT_Dut"
"266","fv600707",0.523687766018953,0.240453227392783,-0.0170482752634666,-0.0593716647699669,"NAT_Dut"
"267","fv600708",0.31131274404513,-0.1777432540544,0.108491304916562,-0.442895372845566,"NAT_Dut"
"268","fv600709",0.926541999309419,-0.14133858357978,0.117444326172912,3.57137593669641,"NAT_Dut"
"269","fv600710",-0.216422408296644,-0.145379054616276,0.120896104107565,0.144594005409585,"NAT_Dut"
"270","fv600711",-0.550280039745903,0.243334249634855,-0.180703163463514,-0.199245714933755,"NAT_Dut"
"271","fv600712",-0.385298782551884,-0.0913675358424085,-0.0876159199884732,-0.201446333618555,"NAT_Dut"
"272","fv600713",0.301097310750117,0.020211563161767,-0.0155624074160787,-0.339951418875105,"NAT_Dut"
"273","fv600714",0.18463327426879,-0.391274294482505,-0.170659085050193,-0.14160039075497,"NAT_Dut"
"274","fv600715",0.420646905266991,0.363311856212808,-0.67001376199309,0.975666175025826,"NAT_Dut"
"275","fv600716",-0.0650654341719197,-1.56924023313889,-0.0818825666772667,-0.00844275213799028,"NAT_Dut"
"276","fv600717",0.668469639572075,0.459075148665969,0.0336514663257671,-0.140542838648278,"NAT_Dut"
"277","fv600718",-0.0427987777704687,0.093008326037168,0.406481554301542,-0.0522541238646444,"NAT_Dut"
"278","fv600719",-0.106582281930481,0.390192921134349,-0.656057384234567,-0.421368156018147,"NAT_Dut"
"279","fv600720",-0.748065718899119,0.162103796917323,0.78853091658248,-0.108822437481963,"NAT_Dut"
"280","fv601203",0.260896685804758,-0.102925207641077,-0.0179072595340538,-0.154398888019285,"NAT_Dut"
"281","fv601204",0.296134306985581,0.164912142207291,-0.0964457925471169,-0.227283029089772,"NAT_Dut"
"282","fv601205",0.327696128138323,0.106844581723337,-0.245581502022863,-0.14937336501076,"NAT_Dut"
"283","fv601206",0.275135787319723,-0.260059338435407,0.125145535022972,0.103836626517307,"NAT_Dut"
"284","fv601207",0.319077828678386,0.252608610695079,-0.0849779014200067,-0.108549366253218,"NAT_Dut"
"285","fv601208",0.103726662493411,-0.0728343792117544,0.0550951795062642,-0.160477711610095,"NAT_Dut"
"286","fv601209",0.477696190110007,0.275657682208487,0.221060635893639,-0.07988333344726,"NAT_Dut"
"287","fv601210",-0.0977122671626496,-0.172687752309727,0.243348932777497,-0.238151896724797,"NAT_Dut"
"288","fv601211",0.430594665257085,0.404412018979898,0.0412199022885088,-0.232739398028819,"NAT_Dut"
"289","fv601213",0.20393266985518,-0.337963517443906,-0.0310935357739642,-0.196723669272177,"NAT_Dut"
"290","NL_001",0.118319115376214,-0.441854813388432,0.241131214499125,-0.710611273624897,"Fra_Dut"
"291","NL_002",-0.68155115866204,0.120027807114112,0.149805464144969,0.45040777664751,"Fra_Dut"
"292","NL_003",-0.499772189157239,0.338612338352802,0.0980218603577708,0.587856023446456,"Fra_Dut"
"293","NL_004",0.145292386234914,-0.661477495151279,0.465424317883337,-0.784045558992951,"Fra_Dut"
"294","NL_005",-0.150381500412401,0.0788027960261973,-0.829492538182153,0.319044687180427,"Fra_Dut"
"295","NL_006",0.704912452998896,0.0507667384458121,0.108624671078278,0.331013053296437,"Fra_Dut"
"296","NL_007",-2.8657603987192,0.695764321280047,1.98752442875561,2.74999259991947,"Fra_Dut"
"297","NL_008",-0.321434827680096,-1.79596180287775,-0.619486485596906,0.00721216926925511,"Fra_Dut"
"298","NL_009",-0.673748660100011,0.0150286915041141,-0.103426929407745,0.0200496491874592,"Fra_Dut"
"299","NL_010",-0.573879823178524,0.364109729362326,0.0449384471315352,0.0937773983350979,"Fra_Dut"
"300","NL_011",-0.854196002560034,0.129846403956948,0.463228357113886,0.427680752500135,"Fra_Dut"
"301","NL_012",-0.895211815316796,-0.0304956254877703,0.551348580250745,-0.0596565993220884,"Fra_Dut"
"302","NL_013",-1.22638290097392,-0.685677942394407,-0.167359305508682,0.585437535591757,"Fra_Dut"
"303","NL_014",-1.71316321568646,0.501739000722977,-0.0519476454721886,0.117767775367803,"Fra_Dut"
"304","NL_015",-0.520195416295238,-0.0170908707495456,0.0655794599925472,0.0783354696505975,"Fra_Dut"
"305","NL_016",-1.27657013565194,0.180956245646443,1.12057785236615,0.209430491476422,"Fra_Dut"
"306","NL_017",-0.734902719369394,-0.160761689126665,1.30568362915967,-0.7724261132392,"Fra_Dut"
"307","NL_018",-2.07002522326147,1.18532269042104,-0.759572130975229,0.507669371465084,"Fra_Dut"
"308","NL_020",-0.429251049442232,-0.331964452964339,-0.167580937139465,-0.22239874768311,"Fra_Dut"
"309","NL_021",-0.604260325376799,0.486481764497385,-0.302071721964628,0.314745220217881,"Fra_Dut"
"310","NL_022",-1.51699422895528,0.52664512805216,1.53829572856005,-0.72565650750572,"Fra_Dut"
"311","NL_023",-0.45625938481478,0.367973179588617,0.332988663775294,0.106159808282609,"Fra_Dut"
"312","NL_024",-0.381998527592594,0.2919151402084,0.592083794961099,-0.0323064115250674,"Fra_Dut"
"313","NL_025",0.466986193419327,0.281504826733137,0.299212611882926,0.0453696032516045,"Fra_Dut"
"314","NL_026",-1.3145599626798,0.142225623257405,1.1299525001488,0.275728121790519,"Fra_Dut"
"315","NL_027",0.145292386234914,-0.661477495151279,0.465424317883337,-0.784045558992951,"Fra_Dut"
"316","NL_028",1.04424197589757,0.557990563899113,0.321128663404821,1.4639814550038,"Fra_Dut"
"317","NL_029",-1.90104097536589,-0.0570644563126037,1.68596225163603,0.0744619285705596,"Fra_Dut"
"318","NL_030",-1.29946059457965,-0.742071578949381,1.00749648586289,-0.133131739385704,"Fra_Dut"
"319","NL_031",-0.724584679380002,0.0890834292186362,0.59241334146135,-0.0941573614298578,"Fra_Dut"
"320","NL_032",-0.792949009250548,-0.932997054566182,-0.211840200085573,0.00362416950508467,"Fra_Dut"
"321","NL_033",-0.93129249758816,-0.216560408705244,-0.689896466142388,0.120968385185008,"Fra_Dut"
"322","NL_035",0.708255863312466,0.274876891427878,0.356809481467569,-0.163005438093122,"Fra_Dut"
"323","NL_036",-0.37268478039431,0.0142013256747695,0.548733509409961,-0.150156696967002,"Fra_Dut"
"324","NL_037",-1.77565991148009,0.269055906347849,1.68620012156732,-0.0549685977387749,"Fra_Dut"
"325","NL_038",-1.34499950712887,0.305849952486075,-1.65158658479236,0.384480626334865,"Fra_Dut"
"326","NL_039",-1.76288608852466,0.163850492704146,1.13939235545545,1.3721081177214,"Fra_Dut"
"327","NL_040",-1.94886866414824,1.03754780241188,-0.36690485342096,0.0502649471276129,"Fra_Dut"
"328","NL_041",-1.57448000243721,0.728562461371903,-2.37777312054523,0.103166099410678,"Fra_Dut"
"329","NL_042",-1.08704570676764,0.627361972166384,-0.659602753406964,0.0160158904529576,"Fra_Dut"
"330","NL_043",-2.16483202680016,-0.215297863343056,1.91946091468203,-0.215503356762721,"Fra_Dut"
"331","NL_044",-1.34496791489605,0.188299511123774,1.1553092044163,0.0590749301851049,"Fra_Dut"
"332","NL_045",-1.49477098739552,0.678339367825801,1.76707236926122,0.168186590425986,"Fra_Dut"
"333","NL_046",1.04424197589757,0.557990563899113,0.321128663404821,1.4639814550038,"Fra_Dut"
"334","NL_047",-1.04436633978693,0.486756737235189,0.567539126082432,-0.405359581400189,"Fra_Dut"
"335","NL_048",-0.76806874535777,0.570094439836125,0.567124470768295,0.267867838877276,"Fra_Dut"
"336","NL_049",-1.41818208937996,0.0406184800403596,0.747835019430561,-0.573797781034821,"Fra_Dut"
"337","NL_050",-1.46296318853175,0.594670688259691,1.4417734452591,-1.07693654882907,"Fra_Dut"
"338","NL_051",-0.863459601973093,-0.375086147828661,-0.838312942722981,0.112664578305442,"Fra_Dut"
"339","NL_052",-1.76614566658353,0.467190924803559,-0.966617758709175,0.323436676214157,"Fra_Dut"
"340","NL_053",-1.1918104328136,-0.290224386175726,0.784541370532887,-0.454056767631172,"Fra_Dut"
"341","NL_054",-0.185257043376895,0.0785631529095889,0.577801358033941,0.121797674724832,"Fra_Dut"
"342","NL_055",-0.835109631015889,0.407643518481396,0.0236410219823859,0.705172978440309,"Fra_Dut"
"343","NL_056",-0.0267670312472936,0.836343683135547,0.22864171970492,0.397899452925689,"Fra_Dut"
"344","NL_057",0.334939643598555,-0.454603865927293,-0.206753443847758,-0.241609531805396,"Fra_Dut"
"345","NL_058",-2.22936040073922,0.506923650578736,-0.749302337741513,-0.1427571178844,"Fra_Dut"
"346","NL_059",-0.38654573879563,0.597898916583738,1.36776402029932,-0.701550976455074,"Fra_Dut"
"347","NL_060",-1.82071722513679,-0.132145683536203,1.49699307886916,0.195777484148275,"Fra_Dut"
"348","NL_061",-1.718958420971,0.548207288979114,0.281395566767202,0.73873298265648,"Fra_Dut"
"349","NL_062",-0.837491250853044,-0.00205097867063063,1.19055274002297,0.113089485697766,"Fra_Dut"
"350","NL_063",-0.616035418137766,0.338431767685482,0.502485509159105,0.0463200808014795,"Fra_Dut"
"351","NL_064",-0.223516528561589,-0.191434745396715,0.0668761574955531,0.300154527395673,"Fra_Dut"
"352","NL_065",-0.00282452567770728,-0.33587899650809,0.00430525185672872,0.0463785575049903,"Fra_Dut"
"353","NL_066",-0.929682924206989,0.258588057541663,0.355121583953696,0.023619090888157,"Fra_Dut"
"354","NL_067",-0.197489904823393,0.462612849907999,0.59258715365088,0.377782046475681,"Fra_Dut"
"355","NL_069",-1.85223182473918,-0.0248317160316006,1.54409363434037,-0.166647011796887,"Fra_Dut"
"356","NL_070",0.248667278690194,0.48873254527206,-0.0801713315951371,-0.27162173958866,"Fra_Dut"
"357","NL_071",-0.854158434166327,-0.604700399515951,0.678482009723274,-0.0946096363232543,"Fra_Dut"
"358","NL_072",-0.917143620695789,0.0132239655133584,0.41653932613513,0.383891774788627,"Fra_Dut"
"359","NL_073",-2.40159733024903,0.547155781173881,2.7976848498201,1.90737035704536,"Fra_Dut"
"360","NL_074",-1.33924595778676,-3.22726234048959,0.185386032447884,0.396965834990552,"Fra_Dut"
"361","NL_075",-3.11185640237905,-2.27716211977835,2.14422319594384,-1.46103112101128,"Fra_Dut"
"362","NL_076",-0.238263391658756,0.317550324937968,-0.88689096236307,0.00910288509415534,"Fra_Dut"
"363","NL_077",-0.978288178019636,0.301224643938425,-1.2932580153208,0.0317358676741675,"Fra_Dut"
"364","NL_078",-1.69600909497663,0.506681568381798,1.50400181186568,-2.78425559200834,"Fra_Dut"
"365","NL_079",-0.436951935662558,-0.0662344190406667,-0.0677447423476453,-0.287799853949346,"Fra_Dut"
"366","NL_080",-1.44014295115363,0.436786811374985,1.11279939581236,-0.872365829874715,"Fra_Dut"
"367","NL_081",-1.47189741909923,0.370732202073698,0.00227743883756095,0.39802426748821,"Fra_Dut"
"368","NL_082",-2.03732901821412,0.363304150831761,0.615154545333747,0.482955966116476,"Fra_Dut"
"369","NL_083",-0.36700162277013,-0.348095188572066,-0.176439678496119,0.0391591089946725,"Fra_Dut"
"370","NL_086",-0.223930009835137,0.378458392724846,0.858051266895179,-0.0130768028747188,"Fra_Dut"
"371","NL_087",0.0913458445175155,-0.222232131625584,0.0168381111149139,-0.637176988256842,"Fra_Dut"
"372","NL_088",-0.504893667849137,-0.160927684860568,0.0226056010384799,-0.261350345571938,"Fra_Dut"
"373","NL_089",-0.678977980827408,0.279108200636095,-0.192605037834858,-0.195081169212242,"Fra_Dut"
"374","NL_090",-0.541144562797944,-0.0608552594874825,0.470215422772111,0.0621158984912216,"Fra_Dut"
"375","NL_091",-0.672788977678632,0.0678033442515577,0.43600816691436,0.0231186671185635,"Fra_Dut"
"376","NL_092",0.0942528436119003,-0.518223796795553,0.56125617891302,-0.157585464865266,"Fra_Dut"
"377","NL_093",-0.112869307494716,0.496246941168317,-0.208387564011528,-0.809981968902326,"Fra_Dut"
"378","NL_094",-0.0141231215989495,-0.136442005445145,0.456699034445739,0.00521519754666557,"Fra_Dut"
"379","NL_095",-0.470996662346098,0.503569575777917,0.263753381037122,0.244973648544632,"Fra_Dut"
"380","NL_096",-0.598371244454979,0.0567681667011693,0.37181809385371,0.338471991612779,"Fra_Dut"
"381","NL_097",-1.10214242784726,0.541484130105273,0.12286777559347,0.403905277972058,"Fra_Dut"
"382","NL_099",-1.07514429356654,-0.551740376211119,0.568891218924706,-0.0506603182869712,"Fra_Dut"
"383","NL_100",-0.382185020485285,-0.116393978801631,-0.0728264978549413,0.0753847535943765,"Fra_Dut"
"384","NL_101",-1.88153168401004,1.16162479111663,0.169455479483669,-0.00855038049997115,"Fra_Dut"
"385","NL_102",-1.00733591378464,-0.0948679810442133,-0.208526909861872,0.28352950525142,"Fra_Dut"
"386","NL_103",-0.482337563191114,-0.419023347485131,-0.145859838131872,-0.0118052820802349,"Fra_Dut"
"387","NL_104",0.334939643598555,-0.454603865927293,-0.206753443847758,-0.241609531805396,"Fra_Dut"
"388","NL_105",0.0191756369404501,-0.145899996765656,0.302684402388517,0.0744963191127244,"Fra_Dut"
"389","NL_106",-1.08277271783626,0.222880157504387,0.994156391025371,-1.02421286745167,"Fra_Dut"
"390","NL_107",-0.928865536543457,-0.319699282998318,1.37978631370681,0.802210578316511,"Fra_Dut"
"391","NL_108",-0.920038975647428,-0.0370828933214112,0.8976731804637,0.360482452728196,"Fra_Dut"
"392","NL_EN_218",-0.318749846836368,-1.60372620618856,-0.376840457900327,0.0209450426979814,"MEP_Dut"
"393","NL_EN_219",-0.907428937629964,-1.06470253982841,-0.740419876800551,-0.143491141660374,"MEP_Dut"
"394","NL_EN_222",-0.522180305289685,-1.177725415311,0.124471670287643,0.0634467158764588,"MEP_Dut"
"395","NL_EN_223",0.047132765582439,-1.16058669301008,-0.313081849263177,0.0339188618662706,"MEP_Dut"
"396","NL_EN_224",-0.0790533746829861,-0.811552120718124,-0.787274656627366,-0.0663764766672941,"MEP_Dut"
"397","NL_EN_229",0.172505742860546,-0.610017542036431,-0.0200774674453806,-0.13871122461246,"MEP_Dut"
"398","NL_EN_234",0.106058799159295,-0.713105991567292,-0.0295638029550851,-0.0441344658736607,"MEP_Dut"
"399","NL_EN_235",-0.430714263551852,0.120225529280302,0.109080512068509,0.661006853283464,"MEP_Dut"
"400","NL_EN_236",-0.486323457285831,-0.964211151114994,0.628646947206326,0.22588509381567,"MEP_Dut"
"401","NL_EN_237",-0.528851729890173,-2.37002735252164,-0.43685655515124,0.384279455936598,"MEP_Dut"
"402","NL_EN_239",-0.120265820491888,-0.175542955907278,0.609660298490668,-0.118324956090582,"MEP_Dut"
"403","NL_EN_241",-0.08102203887768,-0.50694470322445,-0.859351546571887,1.19905104818965,"MEP_Dut"
"404","NL_EN_242",-0.57232405319569,-1.04336762262374,-0.399857744137742,-0.26409605773442,"MEP_Dut"
"405","NL_EN_243",0.288677084095036,-0.385910725775185,-0.425397642030166,-0.181217090215744,"MEP_Dut"
"406","NL_FR_201",-0.636558356644238,-0.709824127061377,0.869132222589042,0.418571052776621,"MEP_Dut"
"407","NL_FR_202",-0.28161349480815,-0.0607626480487481,-0.443781551570118,-0.353482152976509,"MEP_Dut"
"408","NL_FR_203",-0.257153383559904,-0.0109448111287604,-0.511916526092425,0.29183361191054,"MEP_Dut"
"409","NL_FR_204",-0.259044077605867,-3.38251392983188,-0.654860612469218,0.262156765097384,"MEP_Dut"
"410","NL_FR_205",0.0439738824430017,-0.799871001477052,-0.207050166686658,-0.0221313903940609,"MEP_Dut"
"411","NL_FR_206",-0.582114324031245,-0.959362327699344,-0.313353573639681,-0.175180948257569,"MEP_Dut"
"412","NL_FR_207",0.306270952785259,-1.46564313262512,-0.600496819038208,-0.267748857945919,"MEP_Dut"
"413","NL_FR_208",-0.274381557401778,-0.51546672195122,-0.21863798514532,-0.0476947375344318,"MEP_Dut"
"414","NL_FR_209",0.470783279973313,-0.90147377708614,-0.272097278872897,-0.00591231128727329,"MEP_Dut"
"415","NL_FR_210",-0.515545527024143,-2.01508481825189,-0.221586714620523,0.0221299081007183,"MEP_Dut"
"416","NL_FR_211",0.0482311989632052,-0.405200125721255,-0.121461699311434,-0.261117504572944,"MEP_Dut"
"417","NL_FR_212",0.663882861092571,0.28900460777986,0.322294414978377,-0.0649303680655158,"MEP_Dut"
"418","NL_FR_213",-0.453595569054099,-0.278502406286083,-0.340862168206522,-0.0203690755754717,"MEP_Dut"
"419","NL_or_214",0.169537506853037,-1.65551232384682,-0.140593486746561,-0.0114435264965617,"MEP_Dut"
"420","NL_or_215",0.315599294183262,-1.26397806064787,-0.245626339705792,-0.0467961045208715,"MEP_Dut"
"421","NL_or_216",0.286488853053854,-0.655860024780445,-0.180054828988256,0.131474706885841,"MEP_Dut"
"422","NL_or_217",-0.0850979738672465,-0.559796092385878,-0.625481852429793,0.0225812280379456,"MEP_Dut"
"423","NL_or_220",0.0913458445175155,-0.222232131625584,0.0168381111149139,-0.637176988256842,"MEP_Dut"
"424","NL_or_221",0.352215239530386,-0.319954939936102,-0.380478266286264,0.3491597517349,"MEP_Dut"
"425","NL_or_225",-1.52510707488994,-3.80681404382125,-3.62277135351454,-1.66628627434503,"MEP_Dut"
"426","NL_or_226",0.0401628211820488,-1.39826620792748,-0.183579965224928,-0.00542260248803622,"MEP_Dut"
"427","NL_or_227",-0.155005347054129,-1.12588804267781,0.063702430493785,-0.0497760540741051,"MEP_Dut"
"428","NL_or_228",-0.313564169315893,-0.415448922272172,-0.14986639089948,0.0633513861095956,"MEP_Dut"
"429","NL_or_230",-0.00117839990808313,-1.25891749065388,0.152177869406912,-0.153575958282389,"MEP_Dut"
"430","NL_or_231",-1.33252412342109,-0.888311009156309,1.04253773360316,0.416161229554589,"MEP_Dut"
"431","NL_or_232",-0.210565798805468,-0.827253184321007,-0.618305541334481,0.0766625775371175,"MEP_Dut"
"432","NL_or_233",-0.18824694623854,-0.55247299810902,-0.0886796382535734,-0.0763646005384986,"MEP_Dut"
"433","NL_or_238",0.204047500573481,-0.424521290122609,-0.575568611349825,-0.363170010725416,"MEP_Dut"
"434","NL_or_240",-0.0778096237014491,-0.688773037727723,0.0725008224522208,-0.205649729492281,"MEP_Dut"
